{
  "winrate": 0.5009823182711198,
  "pf": 1.0047368413747917,
  "expR": 0.1836837586417166,
  "mdd_R": 13179.380860388002,
  "avg_hold_bars": 6.0,
  "sharpe": 0.33681380542629963,
  "cand_ratio": 0.9772182254196643,
  "avg_gap_bars": 1.0233329239837898,
  "elapsed_sec": 0.057,
  "thr_used": {
    "cand": 0.03,
    "enter": 0.03
  },
  "counts": {
    "total_rows": 8640,
    "score_ge_cand": 0,
    "score_ge_enter": 0,
    "gate_ok": 0,
    "cand_mask_true": 0,
    "trades": 8144
  },
  "breakdown": {
    "stats": {
      "score_q25": 0.0,
      "score_q50": 0.0,
      "score_q75": 0.0,
      "score_q90": 0.0,
      "rows": 8640,
      "gate_ok_rows": 0,
      "gate_ok_rate": 0.0
    },
    "gate_used": "engine",
    "thr_mode": "engine_internal"
  }
}