{
  "winrate": 0.5165,
  "pf": 1.489,
  "expR": 0.2363,
  "mdd_R": 5.0,
  "avg_hold_bars": 2,
  "thr_used": {
    "cand": 0.008697,
    "enter": 0.058268
  },
  "counts": {
    "trades": 91
  },
  "breakdown": {
    "stats": {
      "score_q25": -0.11616252169331012,
      "score_q50": -0.07124456480916865,
      "score_q75": -0.01735360818710737,
      "score_q90": 0.043225908289554575,
      "ema21_slope_n_mean": 0.0014998732676148245,
      "adx_n_mean": -0.5194946994512878,
      "rows": 8640,
      "gate_ok_rows": 806,
      "gate_ok_rate": 0.09328703703703704
    },
    "counts": {
      "total_rows": 8640,
      "score_ge_cand": 1469,
      "score_ge_enter": 692,
      "gate_ok": 806,
      "cand_mask_true": 447
    },
    "gate_used": "normal",
    "thr_mode": "auto_pct",
    "cand_pct": 0.83,
    "enter_pct": 0.92,
    "thr_c_auto": 0.008696896725785636,
    "thr_e_auto": 0.05826755089730329
  }
}