{
  "winrate": 0.499437148217636,
  "pf": 1.0027519537507872,
  "expR": 0.1010090432201345,
  "mdd_R": 13890.669941797838,
  "avg_hold_bars": 6.0,
  "sharpe": 0.19111722918931137,
  "cand_ratio": 0.9592326139088729,
  "avg_gap_bars": 1.0424068051038278,
  "elapsed_sec": 0.06,
  "thr_used": {
    "cand": 0.04,
    "enter": 0.04
  },
  "counts": {
    "total_rows": 8640,
    "score_ge_cand": 0,
    "score_ge_enter": 0,
    "gate_ok": 0,
    "cand_mask_true": 0,
    "trades": 7995
  },
  "breakdown": {
    "stats": {
      "score_q25": 0.0,
      "score_q50": 0.0,
      "score_q75": 0.0,
      "score_q90": 0.0,
      "rows": 8640,
      "gate_ok_rows": 0,
      "gate_ok_rate": 0.0
    },
    "gate_used": "engine",
    "thr_mode": "engine_internal"
  }
}