{
  "winrate": 0.5092,
  "pf": 1.429,
  "expR": 0.2096,
  "mdd_R": 11.524,
  "avg_hold_bars": 2,
  "thr_used": {
    "cand": 0.483099,
    "enter": 0.546466
  },
  "counts": {
    "trades": 163
  },
  "breakdown": {
    "stats": {
      "score_q25": -0.5431245646839733,
      "score_q50": 0.026316919049558102,
      "score_q75": 0.4651747656623029,
      "score_q90": 0.5297487263037863,
      "ema21_slope_n_mean": 0.05760284914210286,
      "adx_n_mean": -0.5182683168263368,
      "rows": 8640,
      "gate_ok_rows": 1501,
      "gate_ok_rate": 0.17372685185185185
    },
    "counts": {
      "total_rows": 8640,
      "score_ge_cand": 1729,
      "score_ge_enter": 692,
      "gate_ok": 1501,
      "cand_mask_true": 929
    },
    "gate_used": "normal",
    "thr_mode": "auto_pct",
    "cand_pct": 0.8,
    "enter_pct": 0.92,
    "thr_c_auto": 0.4830994764931429,
    "thr_e_auto": 0.5464661324653755
  }
}