{
  "winrate": 0.6667,
  "pf": 2.667,
  "expR": 0.5,
  "mdd_R": 0.9,
  "avg_hold_bars": 2,
  "thr_used": {
    "cand": 0.354775,
    "enter": 0.384775
  },
  "counts": {
    "trades": 3
  },
  "breakdown": {
    "stats": {
      "score_q25": -0.3680305139432464,
      "score_q50": 0.08233522892020381,
      "score_q75": 0.42517678366541156,
      "score_q90": 0.571181038722913,
      "ema21_slope_n_mean": 0.05574906087203385,
      "adx_n_mean": 0.26519291542938606,
      "rows": 8640,
      "gate_ok_rows": 4515,
      "gate_ok_rate": 0.5225694444444444
    },
    "counts": {
      "total_rows": 8640,
      "score_ge_cand": 2807,
      "score_ge_enter": 2535,
      "gate_ok": 4515,
      "cand_mask_true": 1649
    },
    "gate_used": "normal",
    "thr_mode": "ewq",
    "q_init": 35.0,
    "theta": 0.65,
    "alpha": 0.06,
    "daily_cap": 0.04,
    "phi_last": 35.477499999999566,
    "thr_c_ewq": 0.3547749999999957,
    "thr_e_ewq": 0.38477499999999565,
    "pool": "gate_ok",
    "pool_size": 4515
  }
}