{
  "winrate": 0.49858739712566025,
  "pf": 1.0007512395892817,
  "expR": 0.029165271123774573,
  "mdd_R": 13908.986428187844,
  "avg_hold_bars": 6.0,
  "sharpe": 0.0534944719767075,
  "cand_ratio": 0.9767386091127098,
  "avg_gap_bars": 1.0237100737100737,
  "elapsed_sec": 0.1,
  "thr_used": {
    "cand": 0.02,
    "enter": 0.02
  },
  "counts": {
    "total_rows": 8640,
    "score_ge_cand": 0,
    "score_ge_enter": 0,
    "gate_ok": 0,
    "cand_mask_true": 0,
    "trades": 8141
  },
  "breakdown": {
    "stats": {
      "score_q25": 0.0,
      "score_q50": 0.0,
      "score_q75": 0.0,
      "score_q90": 0.0,
      "rows": 8640,
      "gate_ok_rows": 0,
      "gate_ok_rate": 0.0
    },
    "gate_used": "engine",
    "thr_mode": "engine_internal"
  }
}