{
  "winrate": 0.3966,
  "pf": 1.113,
  "expR": 0.0603,
  "mdd_R": 5.5,
  "avg_hold_bars": 2,
  "sharpe": 0.0,
  "cand_ratio": 0.0,
  "avg_gap_bars": 0.0,
  "elapsed_sec": 0.044,
  "thr_used": {
    "cand": 0.603621,
    "enter": 0.633621
  },
  "counts": {
    "total_rows": 8640,
    "score_ge_cand": 1515,
    "score_ge_enter": 1204,
    "gate_ok": 2068,
    "cand_mask_true": 863,
    "trades": 58
  },
  "breakdown": {
    "stats": {
      "score_q25": -0.4553764327654826,
      "score_q50": 0.09713422867373839,
      "score_q75": 0.5385233104544351,
      "score_q90": 0.6656527998319963,
      "rows": 8640,
      "gate_ok_rows": 2068,
      "gate_ok_rate": 0.23935185185185184
    },
    "gate_used": "gate_ok",
    "thr_mode": "ewq",
    "q_init": 60.0,
    "theta": 0.7,
    "alpha": 0.06,
    "phi_last": 60.36210400768149,
    "thr_c": 0.6036210400768148,
    "thr_e": 0.6336210400768149,
    "pool": "gate_ok",
    "pool_size": 2068
  }
}