{
  "winrate": 0.4463,
  "pf": 1.025,
  "expR": 0.0128,
  "mdd_R": 32.8,
  "avg_hold_bars": 2,
  "thr_used": {
    "cand": 0.526394,
    "enter": 0.564716
  },
  "counts": {
    "trades": 484
  },
  "breakdown": {
    "stats": {
      "score_q25": -0.3610765625225411,
      "score_q50": 0.0908433984594501,
      "score_q75": 0.4554147813967406,
      "score_q90": 0.5676579500488804,
      "ema21_slope_n_mean": 0.053998184780943564,
      "adx_n_mean": 0.26519291542938606,
      "rows": 8640,
      "gate_ok_rows": 4506,
      "gate_ok_rate": 0.5215277777777778
    },
    "counts": {
      "total_rows": 8640,
      "score_ge_cand": 1352,
      "score_ge_enter": 902,
      "gate_ok": 4506,
      "cand_mask_true": 831
    },
    "gate_used": "normal",
    "thr_mode": "auto_pct",
    "cand_pct": 0.7,
    "enter_pct": 0.8,
    "thr_c_auto": 0.5263935446460049,
    "thr_e_auto": 0.5647161310092744,
    "pool": "gate_ok",
    "pool_size": 4506
  }
}