{
  "winrate": 0.472,
  "pf": 1.133,
  "expR": 0.0664,
  "mdd_R": 8.4,
  "avg_hold_bars": 2,
  "thr_used": {
    "cand": 0.513917,
    "enter": 0.577235
  },
  "counts": {
    "trades": 286
  },
  "breakdown": {
    "stats": {
      "score_q25": -0.5384382994256594,
      "score_q50": 0.03599625477971329,
      "score_q75": 0.5085897562722177,
      "score_q90": 0.592134911409652,
      "ema21_slope_n_mean": 0.057596182145594206,
      "adx_n_mean": -0.3478373223814497,
      "rows": 8640,
      "gate_ok_rows": 1380,
      "gate_ok_rate": 0.1597222222222222
    },
    "counts": {
      "total_rows": 8640,
      "score_ge_cand": 2074,
      "score_ge_enter": 1038,
      "gate_ok": 1380,
      "cand_mask_true": 809
    },
    "gate_used": "normal",
    "thr_mode": "auto_pct",
    "cand_pct": 0.76,
    "enter_pct": 0.88,
    "thr_c_auto": 0.5139174617134921,
    "thr_e_auto": 0.5772348546883802
  }
}